"   Gen   ","   Avg Mass   ","   Avg Width   ","   Avg Density   ","   Avg Armor   ","   Avg Wing #   ","   Avg Wing Size   ","   Avg Antennae #   ","   Avg Color   ","   Avg Velocity   ","   Avg Acceleration   ","   Avg Max HP   "
1,132.96664,45.918957,79.46225,8.171989,0.0,0.0,0.0,0.0,711.3557,0.0,100.0
2,121.72429,42.723595,83.79236,8.781451,0.0,0.0,0.0,0.0,728.0409,0.0,100.0
3,146.05186,48.35132,83.78101,8.730092,0.0,0.0,0.0,0.0,717.81165,0.0,100.0
