"   Gen   ","   Avg Mass   ","   Avg Width   ","   Avg Density   ","   Avg Armor   ","   Avg Wing #   ","   Avg Wing Size   ","   Avg Antennae #   ","   Avg Color   ","   Avg Velocity   ","   Avg Acceleration   ","   Avg Max HP   "
1,134.27902,45.655365,79.71969,8.171529,0.0,0.0,0.0,0.0,711.97,0.0,100.0
2,138.70827,49.033638,79.5008,8.129523,0.0,0.0,0.0,0.0,703.9273,0.0,100.0
3,165.04597,54.235252,80.12626,8.10717,0.0,0.0,0.0,0.0,693.5189,0.0,100.0
4,175.18332,54.608456,82.31472,8.222655,0.0,0.0,0.0,0.0,694.28375,0.0,100.0
