"   Gen   ","   Avg Mass   ","   Avg Width   ","   Avg Density   ","   Avg Armor   ","   Avg Wing #   ","   Avg Wing Size   ","   Avg Antennae #   ","   Avg Color   ","   Avg Velocity   ","   Avg Acceleration   ","   Avg Max HP   "
1,127.6908,45.704544,79.6828,8.286659,0.0,0.0,0.0,0.0,713.6283,0.0,100.0
2,123.64459,42.170708,81.22822,8.716799,0.0,0.0,0.0,0.0,728.4434,0.0,100.0
3,127.148,45.872402,87.95013,9.460281,0.0,0.0,0.0,0.0,734.4767,0.0,100.0
