"   Gen   ","   Avg Mass   ","   Avg Width   ","   Avg Density   ","   Avg Armor   ","   Avg Wing #   ","   Avg Wing Size   ","   Avg Antennae #   ","   Avg Color   ","   Avg Velocity   ","   Avg Acceleration   ","   Avg Max HP   "
1,132.86678,47.041588,78.83157,8.172476,0.0,0.0,0.0,0.0,709.458,0.0,100.0
2,125.67683,40.50062,77.36011,8.0068865,0.0,0.0,0.0,0.0,718.9987,0.0,100.0
3,123.51882,43.471607,79.48167,8.318288,0.0,0.0,0.0,0.0,718.5401,0.0,100.0
4,122.84236,41.66379,80.39202,8.444959,0.0,0.0,0.0,0.0,724.0307,0.0,100.0
5,122.62439,44.460823,79.566826,8.381194,0.0,0.0,0.0,0.0,717.8168,0.0,100.0
6,115.9818,46.382637,82.234055,8.706187,0.0,0.0,0.0,0.0,719.7843,0.0,100.0
