"   Gen   ","   Avg Mass   ","   Avg Width   ","   Avg Density   ","   Avg Armor   ","   Avg Wing #   ","   Avg Wing Size   ","   Avg Antennae #   ","   Avg Color   ","   Avg Velocity   ","   Avg Acceleration   ","   Avg Max HP   "
1,132.10048,44.745945,79.53162,8.228082,0.0,0.0,0.0,0.0,714.3317,0.0,100.0
2,131.89177,50.050194,79.72217,8.284064,0.0,0.0,0.0,0.0,704.81213,0.0,100.0
3,125.34447,45.85263,81.42018,8.505301,0.0,0.0,0.0,0.0,716.4079,0.0,100.0
4,119.6573,40.015648,78.19075,8.121885,0.0,0.0,0.0,0.0,722.2524,0.0,100.0
5,137.72481,47.22905,85.04292,8.950045,0.0,0.0,0.0,0.0,721.16315,0.0,100.0
