"   Gen   ","   Avg Mass   ","   Avg Width   ","   Avg Density   ","   Avg Armor   ","   Avg Wing #   ","   Avg Wing Size   ","   Avg Antennae #   ","   Avg Color   ","   Avg Velocity   ","   Avg Acceleration   ","   Avg Max HP   "
1,127.50035,45.19319,78.519325,8.084844,0.0,0.0,0.0,0.0,711.037,0.0,100.0
2,121.15199,41.44311,78.39641,8.113285,0.0,0.0,0.0,0.0,719.4495,0.0,100.0
3,118.92209,41.952946,77.3179,8.0481825,0.0,0.0,0.0,0.0,717.2769,0.0,100.0
4,119.9107,46.373386,76.53714,8.007833,0.0,0.0,0.0,0.0,707.7852,0.0,100.0
5,118.08423,44.305912,76.247986,8.004936,0.0,0.0,0.0,0.0,711.87976,0.0,100.0
