"   Gen   ","   Avg Mass   ","   Avg Width   ","   Avg Density   ","   Avg Armor   ","   Avg Wing #   ","   Avg Wing Size   ","   Avg Antennae #   ","   Avg Color   ","   Avg Velocity   ","   Avg Acceleration   ","   Avg Max HP   "
1,131.13933,47.513992,79.31844,8.257101,0.0,0.0,0.0,0.0,709.377,0.0,100.0
2,123.19983,47.521942,82.92901,8.665512,0.0,0.0,0.0,0.0,718.125,0.0,100.0
3,119.5066,49.353577,84.2549,8.698879,0.0,0.0,0.0,0.0,715.17456,0.0,100.0
