"   Gen   ","   Avg Mass   ","   Avg Width   ","   Avg Density   ","   Avg Armor   ","   Avg Wing #   ","   Avg Wing Size   ","   Avg Antennae #   ","   Avg Color   ","   Avg Velocity   ","   Avg Acceleration   ","   Avg Max HP   "
1,128.14005,46.196815,80.06263,8.228471,0.0,0.0,0.0,0.0,711.4964,0.0,100.0
2,122.292656,45.66393,83.07203,8.559437,0.0,0.0,0.0,0.0,719.15546,0.0,100.0
3,166.75484,56.19075,78.25887,7.9664636,0.0,0.0,0.0,0.0,687.61847,0.0,100.0
